clusters,accident_severity,time
2,3.0,11.269033758151082
3,3.0,16.0
4,1.0,13.538141470180305
5,3.0,20.46978818283166
6,2.0,13.679053552885328
8,3.0,17.0
